[{"tumor_code":"AML","case_id":"C3L-00452","gender":"Male","age":38,"height_in_cm":176,"weight_in_kg":65,"BMI":20.98,"race":"White","tumor_site":"Bone Marrow","vital_status_at_12months_follow_up":"Deceased","tobacco_smoking_history":"Current smoker: Includes daily and non-daily smokers","number_of_pack_years_smoked":40,"alcohol_consumption":"Alcohol consumption equal to or less than 2 drinks per day for men and 1 drink or less per day for women","cause_of_death_at_12months_follow_up":"Related to AML","days_from_initial_pathologic_diagnosis_to_death_at_12months_follow_up":"62 days","specimens":[{"specimen_id":"C3L-00452-33","slide_id":"C3L-00452-41","tissue_type":"bone marrow"}],"inserted":"2019-07-11T16:26:00.000Z","updated":"2019-07-11T16:26:00.000Z"},{"tumor_code":"AML","case_id":"C3L-00453","gender":"Female","age":46,"height_in_cm":169,"weight_in_kg":74,"BMI":25.91,"race":"White","tumor_site":"Bone Marrow","vital_status_at_12months_follow_up":"Living","vital_status_at_24months_follow_up":"Deceased","tobacco_smoking_history":"Current reformed smoker within past 15 years","number_of_pack_years_smoked":10.5,"alcohol_consumption":"Alcohol consumption equal to or less than 2 drinks per day for men and 1 drink or less per day for women","cause_of_death_at_12months_follow_up":"Unknown","cause_of_death_at_24months_follow_up":"Related to AML","days_from_initial_pathologic_diagnosis_to_death_at_12months_follow_up":"Unknown","days_from_initial_pathologic_diagnosis_to_death_at_24months_follow_up":"442 days","specimens":[{"specimen_id":"C3L-00453-34","slide_id":"C3L-00453-41","tissue_type":"bone marrow"}],"inserted":"2019-07-11T16:26:00.000Z","updated":"2019-07-11T16:26:00.000Z"},{"tumor_code":"AML","case_id":"C3L-00455","gender":"Female","age":61,"height_in_cm":164,"weight_in_kg":92,"BMI":34.21,"race":"White","tumor_site":"Bone Marrow","vital_status_at_12months_follow_up":"Living","vital_status_at_24months_follow_up":"Deceased","tobacco_smoking_history":"Lifelong non-smoker: Less than 100 cigarettes smoked in lifetime","alcohol_consumption":"Alcohol consumption equal to or less than 2 drinks per day for men and 1 drink or less per day for women","cause_of_death_at_12months_follow_up":"Unknown","cause_of_death_at_24months_follow_up":"Related to AML","days_from_initial_pathologic_diagnosis_to_death_at_12months_follow_up":"Unknown","days_from_initial_pathologic_diagnosis_to_death_at_24months_follow_up":"521 days","specimens":[{"specimen_id":"C3L-00455-33","slide_id":"C3L-00455-41","tissue_type":"bone marrow"}],"inserted":"2019-07-11T16:26:00.000Z","updated":"2019-07-11T16:26:00.000Z"},{"tumor_code":"AML","case_id":"C3L-00457","gender":"Male","age":45,"height_in_cm":168,"weight_in_kg":50,"BMI":17.72,"race":"White","tumor_site":"Bone Marrow","vital_status_at_12months_follow_up":"Deceased","tobacco_smoking_history":"Current smoker: Includes daily and non-daily smokers","number_of_pack_years_smoked":25,"alcohol_consumption":"Alcohol consumption equal to or less than 2 drinks per day for men and 1 drink or less per day for women","cause_of_death_at_12months_follow_up":"Related to AML","days_from_initial_pathologic_diagnosis_to_death_at_12months_follow_up":"22 days","specimens":[{"specimen_id":"C3L-00457-33","slide_id":"C3L-00457-43","tissue_type":"bone marrow"}],"inserted":"2019-07-11T16:26:00.000Z","updated":"2019-07-11T16:26:00.000Z"},{"tumor_code":"AML","case_id":"C3L-00458","gender":"Female","age":39,"height_in_cm":147,"weight_in_kg":48,"BMI":22.21,"race":"White","tumor_site":"Bone Marrow","vital_status_at_12months_follow_up":"Living","vital_status_at_24months_follow_up":"Deceased","tobacco_smoking_history":"Lifelong non-smoker: Less than 100 cigarettes smoked in lifetime","alcohol_consumption":"Alcohol consumption equal to or less than 2 drinks per day for men and 1 drink or less per day for women","cause_of_death_at_12months_follow_up":"Unknown","cause_of_death_at_24months_follow_up":"Related to AML","days_from_initial_pathologic_diagnosis_to_death_at_12months_follow_up":"Unknown","days_from_initial_pathologic_diagnosis_to_death_at_24months_follow_up":"393 days","specimens":[{"specimen_id":"C3L-00458-33","slide_id":"C3L-00458-41","tissue_type":"bone marrow"}],"inserted":"2019-07-11T16:26:00.000Z","updated":"2019-07-11T16:26:00.000Z"},{"tumor_code":"AML","case_id":"C3L-00459","gender":"Male","age":75,"height_in_cm":175,"weight_in_kg":83,"BMI":27.1,"race":"White","tumor_site":"Bone Marrow","vital_status_at_12months_follow_up":"Deceased","tobacco_smoking_history":"Lifelong non-smoker: Less than 100 cigarettes smoked in lifetime","alcohol_consumption":"Alcohol consumption equal to or less than 2 drinks per day for men and 1 drink or less per day for women","cause_of_death_at_12months_follow_up":"Related to AML","days_from_initial_pathologic_diagnosis_to_death_at_12months_follow_up":"39 days","specimens":[{"specimen_id":"C3L-00459-34","slide_id":"C3L-00459-41","tissue_type":"bone marrow"}],"inserted":"2019-07-11T16:26:00.000Z","updated":"2019-07-11T16:26:00.000Z"},{"tumor_code":"AML","case_id":"C3L-00460","gender":"Female","age":66,"height_in_cm":161,"weight_in_kg":54,"BMI":20.83,"race":"White","tumor_site":"Bone Marrow","vital_status_at_12months_follow_up":"Living","vital_status_at_24months_follow_up":"Living","tobacco_smoking_history":"Lifelong non-smoker: Less than 100 cigarettes smoked in lifetime","alcohol_consumption":"Alcohol consumption equal to or less than 2 drinks per day for men and 1 drink or less per day for women","cause_of_death_at_12months_follow_up":"Unknown","cause_of_death_at_24months_follow_up":"Unknown","days_from_initial_pathologic_diagnosis_to_death_at_12months_follow_up":"Unknown","days_from_initial_pathologic_diagnosis_to_death_at_24months_follow_up":"Unknown","specimens":[{"specimen_id":"C3L-00460-34","slide_id":"C3L-00460-43","tissue_type":"bone marrow"}],"inserted":"2019-07-11T16:26:00.000Z","updated":"2019-07-11T16:26:00.000Z"},{"tumor_code":"AML","case_id":"C3L-00461","gender":"Male","age":70,"height_in_cm":180,"weight_in_kg":79,"BMI":24.38,"race":"White","tumor_site":"Bone Marrow","vital_status_at_12months_follow_up":"Deceased","tobacco_smoking_history":"Current reformed smoker within past 15 years","number_of_pack_years_smoked":45,"alcohol_consumption":"Alcohol consumption equal to or less than 2 drinks per day for men and 1 drink or less per day for women","cause_of_death_at_12months_follow_up":"Related to AML","days_from_initial_pathologic_diagnosis_to_death_at_12months_follow_up":"99 days","specimens":[{"specimen_id":"C3L-00461-34","slide_id":"C3L-00461-42","tissue_type":"bone marrow"}],"inserted":"2019-07-11T16:26:00.000Z","updated":"2019-07-11T16:26:00.000Z"},{"tumor_code":"AML","case_id":"C3L-00465","gender":"Male","age":68,"height_in_cm":183,"weight_in_kg":71,"BMI":21.2,"race":"White","tumor_site":"Bone Marrow","vital_status_at_12months_follow_up":"Deceased","tobacco_smoking_history":"Lifelong non-smoker: Less than 100 cigarettes smoked in lifetime","alcohol_consumption":"Alcohol consumption equal to or less than 2 drinks per day for men and 1 drink or less per day for women","cause_of_death_at_12months_follow_up":"Related to AML","days_from_initial_pathologic_diagnosis_to_death_at_12months_follow_up":"64 days","specimens":[{"specimen_id":"C3L-00465-34","slide_id":"C3L-00465-41","tissue_type":"bone marrow"}],"inserted":"2019-07-11T16:26:00.000Z","updated":"2019-07-11T16:26:00.000Z"},{"tumor_code":"AML","case_id":"C3L-00540","gender":"Female","age":69,"height_in_cm":157,"weight_in_kg":91,"BMI":36.58,"race":"White","ethnicity":"Not reported","tumor_site":"Bone Marrow","vital_status_at_12months_follow_up":"Deceased","tobacco_smoking_history":"Lifelong non-smoker: Less than 100 cigarettes smoked in lifetime","alcohol_consumption":"Lifelong non-drinker","cause_of_death_at_12months_follow_up":"Related to AML","days_from_initial_pathologic_diagnosis_to_death_at_12months_follow_up":"256 days","specimens":[{"specimen_id":"C3L-00540-42","tissue_type":"peripheral blood"},{"specimen_id":"C3L-00540-41","tissue_type":"peripheral blood"}],"inserted":"2019-07-11T16:26:00.000Z","updated":"2019-07-11T16:26:00.000Z"},{"tumor_code":"AML","case_id":"C3L-00614","gender":"Male","age":60,"height_in_cm":175,"weight_in_kg":127,"BMI":41.2,"race":"White","ethnicity":"Not reported","tumor_site":"Bone Marrow","vital_status_at_12months_follow_up":"Deceased","tobacco_smoking_history":"Smoking history not available","alcohol_consumption":"Alcohol consumption history not available","cause_of_death_at_12months_follow_up":"Unknown Cause of Death","days_from_initial_pathologic_diagnosis_to_death_at_12months_follow_up":"3 days","specimens":[{"specimen_id":"C3L-00614-42","tissue_type":"peripheral blood"},{"specimen_id":"C3L-00614-41","tissue_type":"peripheral blood"}],"inserted":"2019-07-11T16:26:00.000Z","updated":"2019-07-11T16:26:00.000Z"},{"tumor_code":"AML","case_id":"C3L-00807","gender":"Female","age":57,"height_in_cm":160,"weight_in_kg":114,"BMI":44.57,"race":"White","ethnicity":"Not-Hispanic or Latino","tumor_site":"Bone Marrow","tobacco_smoking_history":"Lifelong non-smoker: Less than 100 cigarettes smoked in lifetime","alcohol_consumption":"Lifelong non-drinker","specimens":[{"specimen_id":"C3L-00807-42","tissue_type":"peripheral blood"},{"specimen_id":"C3L-00807-41","tissue_type":"peripheral blood"}],"inserted":"2019-07-11T16:26:00.000Z","updated":"2019-07-11T16:26:00.000Z"},{"tumor_code":"AML","case_id":"C3L-00810","gender":"Male","age":63,"height_in_cm":171,"weight_in_kg":85,"BMI":28.97,"race":"White","ethnicity":"Not-Hispanic or Latino","tumor_site":"Bone Marrow","tobacco_smoking_history":"Current reformed smoker, more than 15 years","number_of_pack_years_smoked":5,"alcohol_consumption":"Alcohol consumption history not available","specimens":[{"specimen_id":"C3L-00810-42","tissue_type":"peripheral blood"},{"specimen_id":"C3L-00810-41","tissue_type":"peripheral blood"}],"inserted":"2019-07-11T16:26:00.000Z","updated":"2019-07-11T16:26:00.000Z"},{"tumor_code":"AML","case_id":"C3L-01202","gender":"Female","age":65,"height_in_cm":172,"weight_in_kg":88,"BMI":29.75,"race":"White","tumor_site":"Bone Marrow","vital_status_at_12months_follow_up":"Living","tobacco_smoking_history":"Lifelong non-smoker: Less than 100 cigarettes smoked in lifetime","alcohol_consumption":"Alcohol consumption equal to or less than 2 drinks per day for men and 1 drink or less per day for women","cause_of_death_at_12months_follow_up":"Unknown","days_from_initial_pathologic_diagnosis_to_death_at_12months_follow_up":"Unknown","specimens":[{"specimen_id":"C3L-01202-35","slide_id":"C3L-01202-42","tissue_type":"bone marrow"}],"inserted":"2019-07-11T16:26:00.000Z","updated":"2019-07-11T16:26:00.000Z"},{"tumor_code":"AML","case_id":"C3L-01205","gender":"Male","age":53,"height_in_cm":182,"weight_in_kg":107,"BMI":32.3,"race":"White","tumor_site":"Bone Marrow","vital_status_at_12months_follow_up":"Deceased","tobacco_smoking_history":"Lifelong non-smoker: Less than 100 cigarettes smoked in lifetime","alcohol_consumption":"Alcohol consumption equal to or less than 2 drinks per day for men and 1 drink or less per day for women","cause_of_death_at_12months_follow_up":"Related to AML","days_from_initial_pathologic_diagnosis_to_death_at_12months_follow_up":"55 days","specimens":[{"specimen_id":"C3L-01205-35","slide_id":"C3L-01205-43","tissue_type":"bone marrow"}],"inserted":"2019-07-11T16:26:00.000Z","updated":"2019-07-11T16:26:00.000Z"},{"tumor_code":"AML","case_id":"C3L-01206","gender":"Male","age":58,"height_in_cm":176,"weight_in_kg":70,"BMI":22.6,"race":"White","tumor_site":"Bone Marrow","vital_status_at_12months_follow_up":"Living","tobacco_smoking_history":"Current smoker: Includes daily and non-daily smokers","number_of_pack_years_smoked":38,"alcohol_consumption":"Alcohol consumption equal to or less than 2 drinks per day for men and 1 drink or less per day for women","cause_of_death_at_12months_follow_up":"Unknown","days_from_initial_pathologic_diagnosis_to_death_at_12months_follow_up":"Unknown","specimens":[{"specimen_id":"C3L-01206-35","slide_id":"C3L-01206-42","tissue_type":"bone marrow"}],"inserted":"2019-07-11T16:26:00.000Z","updated":"2019-07-11T16:26:00.000Z"},{"tumor_code":"AML","case_id":"C3L-01210","gender":"Male","age":64,"height_in_cm":173,"weight_in_kg":85,"BMI":28.4,"race":"White","tumor_site":"Bone Marrow","vital_status_at_12months_follow_up":"Deceased","tobacco_smoking_history":"Current smoker: Includes daily and non-daily smokers","number_of_pack_years_smoked":43,"alcohol_consumption":"Alcohol consumption equal to or less than 2 drinks per day for men and 1 drink or less per day for women","cause_of_death_at_12months_follow_up":"Related to AML","days_from_initial_pathologic_diagnosis_to_death_at_12months_follow_up":"6 days","specimens":[{"specimen_id":"C3L-01210-35","slide_id":"C3L-01210-42","tissue_type":"bone marrow"}],"inserted":"2019-07-11T16:26:00.000Z","updated":"2019-07-11T16:26:00.000Z"},{"tumor_code":"AML","case_id":"C3L-01291","gender":"Male","age":69,"height_in_cm":175,"weight_in_kg":80,"BMI":26.12,"race":"White","tumor_site":"Bone Marrow","vital_status_at_12months_follow_up":"Deceased","tobacco_smoking_history":"Lifelong non-smoker: Less than 100 cigarettes smoked in lifetime","alcohol_consumption":"Alcohol consumption equal to or less than 2 drinks per day for men and 1 drink or less per day for women","cause_of_death_at_12months_follow_up":"Related to AML","days_from_initial_pathologic_diagnosis_to_death_at_12months_follow_up":"80 days","specimens":[{"specimen_id":"C3L-01291-35","slide_id":"C3L-01291-41","tissue_type":"bone marrow"}],"inserted":"2019-07-11T16:26:00.000Z","updated":"2019-07-11T16:26:00.000Z"},{"tumor_code":"AML","case_id":"C3L-01295","gender":"Male","age":70,"height_in_cm":180,"weight_in_kg":82,"BMI":25.31,"race":"White","tumor_site":"Bone Marrow","vital_status_at_12months_follow_up":"Deceased","tobacco_smoking_history":"Lifelong non-smoker: Less than 100 cigarettes smoked in lifetime","alcohol_consumption":"Alcohol consumption equal to or less than 2 drinks per day for men and 1 drink or less per day for women","cause_of_death_at_12months_follow_up":"Related to AML","days_from_initial_pathologic_diagnosis_to_death_at_12months_follow_up":"89 days","specimens":[{"specimen_id":"C3L-01295-35","slide_id":"C3L-01295-41","tissue_type":"bone marrow"}],"inserted":"2019-07-11T16:26:00.000Z","updated":"2019-07-11T16:26:00.000Z"},{"tumor_code":"AML","case_id":"C3L-01296","gender":"Male","age":40,"height_in_cm":175,"weight_in_kg":90,"BMI":29.39,"race":"White","tumor_site":"Bone Marrow","vital_status_at_12months_follow_up":"Living","tobacco_smoking_history":"Lifelong non-smoker: Less than 100 cigarettes smoked in lifetime","alcohol_consumption":"Alcohol consumption equal to or less than 2 drinks per day for men and 1 drink or less per day for women","cause_of_death_at_12months_follow_up":"Unknown","days_from_initial_pathologic_diagnosis_to_death_at_12months_follow_up":"Unknown","specimens":[{"specimen_id":"C3L-01296-35","slide_id":"C3L-01296-43","tissue_type":"bone marrow"}],"inserted":"2019-07-11T16:26:00.000Z","updated":"2019-07-11T16:26:00.000Z"},{"tumor_code":"AML","case_id":"C3L-01696","gender":"Female","age":62,"height_in_cm":161,"weight_in_kg":80,"BMI":30.86,"race":"White","tumor_site":"Bone Marrow","vital_status_at_12months_follow_up":"Deceased","tobacco_smoking_history":"Lifelong non-smoker: Less than 100 cigarettes smoked in lifetime","alcohol_consumption":"Alcohol consumption equal to or less than 2 drinks per day for men and 1 drink or less per day for women","cause_of_death_at_12months_follow_up":"Related to AML","days_from_initial_pathologic_diagnosis_to_death_at_12months_follow_up":"21 days","specimens":[{"specimen_id":"C3L-01696-33","slide_id":"C3L-01696-41","tissue_type":"bone marrow"}],"inserted":"2019-07-11T16:26:00.000Z","updated":"2019-07-11T16:26:00.000Z"},{"tumor_code":"AML","case_id":"C3L-01700","gender":"Female","age":69,"height_in_cm":162,"weight_in_kg":80,"BMI":30.48,"race":"White","tumor_site":"Bone Marrow","vital_status_at_12months_follow_up":"Living","tobacco_smoking_history":"Lifelong non-smoker: Less than 100 cigarettes smoked in lifetime","alcohol_consumption":"Alcohol consumption equal to or less than 2 drinks per day for men and 1 drink or less per day for women","cause_of_death_at_12months_follow_up":"Unknown","days_from_initial_pathologic_diagnosis_to_death_at_12months_follow_up":"Unknown","specimens":[{"specimen_id":"C3L-01700-33","slide_id":"C3L-01700-43","tissue_type":"bone marrow"}],"inserted":"2019-07-11T16:26:00.000Z","updated":"2019-07-11T16:26:00.000Z"},{"tumor_code":"AML","case_id":"C3L-02132","gender":"Female","age":61,"height_in_cm":168,"weight_in_kg":87,"BMI":30.82,"race":"White","tumor_site":"Bone Marrow","vital_status_at_12months_follow_up":"Deceased","tobacco_smoking_history":"Current reformed smoker within past 15 years","number_of_pack_years_smoked":43,"alcohol_consumption":"Alcohol consumption equal to or less than 2 drinks per day for men and 1 drink or less per day for women","cause_of_death_at_12months_follow_up":"Related to AML","days_from_initial_pathologic_diagnosis_to_death_at_12months_follow_up":"23 days","specimens":[{"specimen_id":"C3L-02132-33","slide_id":"C3L-02132-41","tissue_type":"bone marrow"}],"inserted":"2019-07-11T16:26:00.000Z","updated":"2019-07-11T16:26:00.000Z"},{"tumor_code":"AML","case_id":"C3L-02135","gender":"Female","age":71,"height_in_cm":162,"weight_in_kg":58,"BMI":22.1,"race":"White","tumor_site":"Bone Marrow","vital_status_at_12months_follow_up":"Deceased","tobacco_smoking_history":"Lifelong non-smoker: Less than 100 cigarettes smoked in lifetime","alcohol_consumption":"Alcohol consumption equal to or less than 2 drinks per day for men and 1 drink or less per day for women","cause_of_death_at_12months_follow_up":"Related to AML","days_from_initial_pathologic_diagnosis_to_death_at_12months_follow_up":"2 days","specimens":[{"specimen_id":"C3L-02135-34","slide_id":"C3L-02135-41","tissue_type":"bone marrow"}],"inserted":"2019-07-11T16:26:00.000Z","updated":"2019-07-11T16:26:00.000Z"},{"tumor_code":"AML","case_id":"C3L-02136","gender":"Female","age":54,"height_in_cm":166,"weight_in_kg":73,"BMI":26.49,"race":"White","tumor_site":"Bone Marrow","vital_status_at_12months_follow_up":"Living","tobacco_smoking_history":"Lifelong non-smoker: Less than 100 cigarettes smoked in lifetime","alcohol_consumption":"Alcohol consumption equal to or less than 2 drinks per day for men and 1 drink or less per day for women","cause_of_death_at_12months_follow_up":"Unknown","days_from_initial_pathologic_diagnosis_to_death_at_12months_follow_up":"Unknown","specimens":[{"specimen_id":"C3L-02136-33","slide_id":"C3L-02136-43","tissue_type":"bone marrow"}],"inserted":"2019-07-11T16:26:00.000Z","updated":"2019-07-11T16:26:00.000Z"},{"tumor_code":"AML","case_id":"C3L-02137","gender":"Female","age":56,"height_in_cm":166,"weight_in_kg":76,"BMI":27.51,"race":"White","tumor_site":"Bone Marrow","tobacco_smoking_history":"Lifelong non-smoker: Less than 100 cigarettes smoked in lifetime","alcohol_consumption":"Alcohol consumption equal to or less than 2 drinks per day for men and 1 drink or less per day for women","specimens":[{"specimen_id":"C3L-02137-33","slide_id":"C3L-02137-42","tissue_type":"bone marrow"}],"inserted":"2019-07-11T16:26:00.000Z","updated":"2019-07-11T16:26:00.000Z"},{"tumor_code":"AML","case_id":"C3L-03308","gender":"Female","age":65,"height_in_cm":173,"weight_in_kg":83,"BMI":27.73,"race":"White","tumor_site":"Bone Marrow","vital_status_at_12months_follow_up":"Deceased","tobacco_smoking_history":"Lifelong non-smoker: Less than 100 cigarettes smoked in lifetime","alcohol_consumption":"Alcohol consumption equal to or less than 2 drinks per day for men and 1 drink or less per day for women","cause_of_death_at_12months_follow_up":"Related to AML","days_from_initial_pathologic_diagnosis_to_death_at_12months_follow_up":"5 days","specimens":[{"specimen_id":"C3L-03308-35","slide_id":"C3L-03308-43","tissue_type":"bone marrow"}],"inserted":"2019-07-11T16:26:00.000Z","updated":"2019-07-11T16:26:00.000Z"},{"tumor_code":"AML","case_id":"C3L-03491","gender":"Female","age":55,"height_in_cm":175,"weight_in_kg":68,"BMI":22.2,"race":"White","tumor_site":"Bone Marrow","vital_status_at_12months_follow_up":"Deceased","tobacco_smoking_history":"Lifelong non-smoker: Less than 100 cigarettes smoked in lifetime","alcohol_consumption":"Alcohol consumption equal to or less than 2 drinks per day for men and 1 drink or less per day for women","cause_of_death_at_12months_follow_up":"Related to AML","days_from_initial_pathologic_diagnosis_to_death_at_12months_follow_up":"9 days","specimens":[{"specimen_id":"C3L-03491-34","slide_id":"C3L-03491-43","tissue_type":"bone marrow"}],"inserted":"2019-07-11T16:26:00.000Z","updated":"2019-07-11T16:26:00.000Z"},{"tumor_code":"AML","case_id":"C3L-03493","gender":"Male","age":65,"height_in_cm":180,"weight_in_kg":80,"BMI":24.69,"race":"White","tumor_site":"Bone Marrow","vital_status_at_12months_follow_up":"Deceased","tobacco_smoking_history":"Lifelong non-smoker: Less than 100 cigarettes smoked in lifetime","alcohol_consumption":"Alcohol consumption equal to or less than 2 drinks per day for men and 1 drink or less per day for women","cause_of_death_at_12months_follow_up":"Related to AML","days_from_initial_pathologic_diagnosis_to_death_at_12months_follow_up":"29 days","specimens":[{"specimen_id":"C3L-03493-33","slide_id":"C3L-03493-43","tissue_type":"bone marrow"}],"inserted":"2019-07-11T16:26:00.000Z","updated":"2019-07-11T16:26:00.000Z"},{"tumor_code":"AML","case_id":"C3L-03496","gender":"Female","age":75,"height_in_cm":159,"weight_in_kg":64,"BMI":25.32,"race":"White","tumor_site":"Bone Marrow","vital_status_at_12months_follow_up":"Deceased","tobacco_smoking_history":"Lifelong non-smoker: Less than 100 cigarettes smoked in lifetime","alcohol_consumption":"Alcohol consumption equal to or less than 2 drinks per day for men and 1 drink or less per day for women","cause_of_death_at_12months_follow_up":"Unknown","days_from_initial_pathologic_diagnosis_to_death_at_12months_follow_up":"1 days","specimens":[{"specimen_id":"C3L-03496-33","slide_id":"C3L-03496-42","tissue_type":"bone marrow"}],"inserted":"2019-07-11T16:26:00.000Z","updated":"2019-07-11T16:26:00.000Z"},{"tumor_code":"AML","case_id":"C3L-03497","gender":"Male","age":59,"height_in_cm":182,"weight_in_kg":100,"BMI":30.19,"race":"White","tumor_site":"Bone Marrow","vital_status_at_12months_follow_up":"Deceased","tobacco_smoking_history":"Current smoker: Includes daily and non-daily smokers","number_of_pack_years_smoked":19.5,"alcohol_consumption":"Alcohol consumption more than 2 drinks per day for men and more than 1 drink per day for women","cause_of_death_at_12months_follow_up":"Unknown","days_from_initial_pathologic_diagnosis_to_death_at_12months_follow_up":"8 days","specimens":[{"specimen_id":"C3L-03497-33","slide_id":"C3L-03497-43","tissue_type":"bone marrow"}],"inserted":"2019-07-11T16:26:00.000Z","updated":"2019-07-11T16:26:00.000Z"},{"tumor_code":"AML","case_id":"C3L-04241","gender":"Female","age":40,"height_in_cm":178,"weight_in_kg":114,"BMI":35.98,"race":"White","tumor_site":"Bone Marrow","tobacco_smoking_history":"Lifelong non-smoker: Less than 100 cigarettes smoked in lifetime","alcohol_consumption":"Alcohol consumption equal to or less than 2 drinks per day for men and 1 drink or less per day for women","specimens":[{"specimen_id":"C3L-04241-33","slide_id":"C3L-04241-42","tissue_type":"bone marrow"}],"inserted":"2019-07-11T16:26:00.000Z","updated":"2019-07-11T16:26:00.000Z"},{"tumor_code":"AML","case_id":"C3L-04242","gender":"Female","age":55,"height_in_cm":165,"weight_in_kg":74,"BMI":27.18,"race":"White","tumor_site":"Bone Marrow","tobacco_smoking_history":"Lifelong non-smoker: Less than 100 cigarettes smoked in lifetime","alcohol_consumption":"Alcohol consumption equal to or less than 2 drinks per day for men and 1 drink or less per day for women","specimens":[{"specimen_id":"C3L-04242-31","slide_id":"C3L-04242-42","tissue_type":"bone marrow"}],"inserted":"2019-07-11T16:26:00.000Z","updated":"2019-07-11T16:26:00.000Z"},{"tumor_code":"AML","case_id":"C3L-04244","gender":"Female","age":77,"height_in_cm":160,"weight_in_kg":89,"BMI":34.77,"race":"White","tumor_site":"Bone Marrow","tobacco_smoking_history":"Lifelong non-smoker: Less than 100 cigarettes smoked in lifetime","alcohol_consumption":"Alcohol consumption equal to or less than 2 drinks per day for men and 1 drink or less per day for women","specimens":[{"specimen_id":"C3L-04244-34","slide_id":"C3L-04244-42","tissue_type":"bone marrow"}],"inserted":"2019-07-11T16:26:00.000Z","updated":"2019-07-11T16:26:00.000Z"},{"tumor_code":"AML","case_id":"C3L-04245","gender":"Female","age":69,"height_in_cm":169,"weight_in_kg":90,"BMI":31.51,"race":"White","tumor_site":"Bone Marrow","tobacco_smoking_history":"Lifelong non-smoker: Less than 100 cigarettes smoked in lifetime","alcohol_consumption":"Alcohol consumption equal to or less than 2 drinks per day for men and 1 drink or less per day for women","specimens":[{"specimen_id":"C3L-04245-34","slide_id":"C3L-04245-41","tissue_type":"bone marrow"}],"inserted":"2019-07-11T16:26:00.000Z","updated":"2019-07-11T16:26:00.000Z"},{"tumor_code":"AML","case_id":"C3L-04250","gender":"Female","age":72,"height_in_cm":160,"weight_in_kg":90,"BMI":35.16,"race":"White","tumor_site":"Bone Marrow","tobacco_smoking_history":"Lifelong non-smoker: Less than 100 cigarettes smoked in lifetime","alcohol_consumption":"Alcohol consumption equal to or less than 2 drinks per day for men and 1 drink or less per day for women","specimens":[{"specimen_id":"C3L-04250-34","slide_id":"C3L-04250-41","tissue_type":"bone marrow"}],"inserted":"2019-07-11T16:26:00.000Z","updated":"2019-07-11T16:26:00.000Z"},{"tumor_code":"AML","case_id":"C3L-04265","gender":"Female","age":64,"height_in_cm":165,"weight_in_kg":80,"BMI":29.38,"race":"White","tumor_site":"Bone Marrow","tobacco_smoking_history":"Lifelong non-smoker: Less than 100 cigarettes smoked in lifetime","alcohol_consumption":"Alcohol consumption equal to or less than 2 drinks per day for men and 1 drink or less per day for women","specimens":[{"specimen_id":"C3L-04265-33","slide_id":"C3L-04265-43","tissue_type":"bone marrow"}],"inserted":"2019-07-11T16:26:00.000Z","updated":"2019-07-11T16:26:00.000Z"},{"tumor_code":"AML","case_id":"C3L-04505","gender":"Female","age":45,"height_in_cm":170,"weight_in_kg":62,"BMI":21.45,"race":"White","tumor_site":"Bone Marrow","tobacco_smoking_history":"Lifelong non-smoker: Less than 100 cigarettes smoked in lifetime","alcohol_consumption":"Alcohol consumption equal to or less than 2 drinks per day for men and 1 drink or less per day for women","specimens":[{"specimen_id":"C3L-04505-34","slide_id":"C3L-04505-42","tissue_type":"bone marrow"}],"inserted":"2019-07-11T16:26:00.000Z","updated":"2019-07-11T16:26:00.000Z"},{"tumor_code":"AML","case_id":"C3L-04508","gender":"Female","age":60,"height_in_cm":162,"weight_in_kg":58,"BMI":22.1,"race":"White","tumor_site":"Bone Marrow","tobacco_smoking_history":"Lifelong non-smoker: Less than 100 cigarettes smoked in lifetime","alcohol_consumption":"Alcohol consumption equal to or less than 2 drinks per day for men and 1 drink or less per day for women","specimens":[{"specimen_id":"C3L-04508-34","slide_id":"C3L-04508-42","tissue_type":"bone marrow"}],"inserted":"2019-07-11T16:26:00.000Z","updated":"2019-07-11T16:26:00.000Z"},{"tumor_code":"AML","case_id":"C3L-04764","gender":"Female","age":78,"height_in_cm":159,"weight_in_kg":64,"BMI":25.32,"race":"White","tumor_site":"Bone Marrow","tobacco_smoking_history":"Lifelong non-smoker: Less than 100 cigarettes smoked in lifetime","alcohol_consumption":"Alcohol consumption equal to or less than 2 drinks per day for men and 1 drink or less per day for women","specimens":[{"specimen_id":"C3L-04764-34","slide_id":"C3L-04764-41","tissue_type":"bone marrow"}],"inserted":"2019-07-11T16:26:00.000Z","updated":"2019-07-11T16:26:00.000Z"},{"tumor_code":"AML","case_id":"C3L-04766","gender":"Female","age":42,"height_in_cm":170,"weight_in_kg":65,"BMI":22.49,"race":"White","tumor_site":"Bone Marrow","tobacco_smoking_history":"Lifelong non-smoker: Less than 100 cigarettes smoked in lifetime","alcohol_consumption":"Alcohol consumption equal to or less than 2 drinks per day for men and 1 drink or less per day for women","specimens":[{"specimen_id":"C3L-04766-34","slide_id":"C3L-04766-43","tissue_type":"bone marrow"}],"inserted":"2019-07-11T16:26:00.000Z","updated":"2019-07-11T16:26:00.000Z"},{"tumor_code":"AML","case_id":"C3L-04767","gender":"Female","age":58,"height_in_cm":158,"weight_in_kg":47,"BMI":18.83,"race":"White","tumor_site":"Bone Marrow","tobacco_smoking_history":"Lifelong non-smoker: Less than 100 cigarettes smoked in lifetime","alcohol_consumption":"Alcohol consumption equal to or less than 2 drinks per day for men and 1 drink or less per day for women","specimens":[{"specimen_id":"C3L-04767-33","slide_id":"C3L-04767-41","tissue_type":"bone marrow"}],"inserted":"2019-07-11T16:26:00.000Z","updated":"2019-07-11T16:26:00.000Z"},{"tumor_code":"AML","case_id":"C3L-05386","gender":"Female","age":41,"height_in_cm":168,"weight_in_kg":112,"BMI":39.73,"race":"White","ethnicity":"Not-Hispanic or Latino","tumor_site":"Bone Marrow","tobacco_smoking_history":"Lifelong non-smoker: Less than 100 cigarettes smoked in lifetime","alcohol_consumption":"Lifelong non-drinker","specimens":[{"specimen_id":"C3L-05386-42","tissue_type":"peripheral blood"},{"specimen_id":"C3L-05386-41","tissue_type":"peripheral blood"}],"inserted":"2019-07-11T16:26:00.000Z","updated":"2019-07-11T16:26:00.000Z"},{"tumor_code":"AML","case_id":"C3N-00466","gender":"Male","age":45,"height_in_cm":186,"weight_in_kg":80,"BMI":23.12,"race":"White","tumor_site":"Bone Marrow","vital_status_at_12months_follow_up":"Living","tobacco_smoking_history":"Current reformed smoker, more than 15 years","number_of_pack_years_smoked":29,"alcohol_consumption":"Lifelong non-drinker","cause_of_death_at_12months_follow_up":"Unknown","days_from_initial_pathologic_diagnosis_to_death_at_12months_follow_up":"Unknown","specimens":[{"specimen_id":"C3N-00466-43","tissue_type":"peripheral blood"},{"specimen_id":"C3N-00466-42","tissue_type":"peripheral blood"},{"specimen_id":"C3N-00466-33","slide_id":"C3N-00466-41","tissue_type":"bone marrow"}],"inserted":"2019-07-11T16:26:00.000Z","updated":"2019-07-11T16:26:00.000Z"}]